{
    "objects": [{
        "type": "group",
        "originX": "center",
        "originY": "center",
        "left": -5,
        "top": -5,
        "width": 883.67,
        "height": 1,
        "fill": "rgb(0,0,0)",
        "stroke": null,
        "strokeWidth": 0,
        "strokeDashArray": null,
        "strokeLineCap": "butt",
        "strokeLineJoin": "miter",
        "strokeMiterLimit": 10,
        "scaleX": 1,
        "scaleY": 1,
        "angle": 0,
        "flipX": false,
        "flipY": false,
        "opacity": 1,
        "shadow": null,
        "visible": true,
        "clipTo": null,
        "backgroundColor": "",
        "fillRule": "nonzero",
        "globalCompositeOperation": "source-over",
        "transformMatrix": null,
        "skewX": 0,
        "skewY": 0,
        "id": "removeOnInitialize",
        "hide": true,
        "subTargetCheck": false,
        "oCoords": {
            "tl": {
                "x": -446.8333333333333,
                "y": -5.5,
                "corner": {
                    "tl": {
                        "x": -453.3333261523633,
                        "y": -11.999992819030034
                    },
                    "tr": {
                        "x": -440.3333405143033,
                        "y": -11.999992819030034
                    },
                    "bl": {
                        "x": -453.3333261523633,
                        "y": 0.9999928190300329
                    },
                    "br": {
                        "x": -440.3333405143033,
                        "y": 0.9999928190300338
                    }
                }
            },
            "tr": {
                "x": 436.8333333333333,
                "y": -5.5,
                "corner": {
                    "tl": {
                        "x": 430.3333405143033,
                        "y": -11.999992819030034
                    },
                    "tr": {
                        "x": 443.3333261523633,
                        "y": -11.999992819030034
                    },
                    "bl": {
                        "x": 430.3333405143033,
                        "y": 0.9999928190300329
                    },
                    "br": {
                        "x": 443.3333261523633,
                        "y": 0.9999928190300338
                    }
                }
            },
            "br": {
                "x": 436.8333333333333,
                "y": -4.5,
                "corner": {
                    "tl": {
                        "x": 430.3333405143033,
                        "y": -10.999992819030034
                    },
                    "tr": {
                        "x": 443.3333261523633,
                        "y": -10.999992819030034
                    },
                    "bl": {
                        "x": 430.3333405143033,
                        "y": 1.999992819030033
                    },
                    "br": {
                        "x": 443.3333261523633,
                        "y": 1.9999928190300338
                    }
                }
            },
            "bl": {
                "x": -446.8333333333333,
                "y": -4.5,
                "corner": {
                    "tl": {
                        "x": -453.3333261523633,
                        "y": -10.999992819030034
                    },
                    "tr": {
                        "x": -440.3333405143033,
                        "y": -10.999992819030034
                    },
                    "bl": {
                        "x": -453.3333261523633,
                        "y": 1.999992819030033
                    },
                    "br": {
                        "x": -440.3333405143033,
                        "y": 1.9999928190300338
                    }
                }
            },
            "ml": {
                "x": -446.8333333333333,
                "y": -5,
                "corner": {
                    "tl": {
                        "x": -453.3333261523633,
                        "y": -11.499992819030034
                    },
                    "tr": {
                        "x": -440.3333405143033,
                        "y": -11.499992819030034
                    },
                    "bl": {
                        "x": -453.3333261523633,
                        "y": 1.499992819030033
                    },
                    "br": {
                        "x": -440.3333405143033,
                        "y": 1.4999928190300338
                    }
                }
            },
            "mt": {
                "x": -5,
                "y": -5.5,
                "corner": {
                    "tl": {
                        "x": -11.499992819030034,
                        "y": -11.999992819030034
                    },
                    "tr": {
                        "x": 1.4999928190300338,
                        "y": -11.999992819030034
                    },
                    "bl": {
                        "x": -11.499992819030034,
                        "y": 0.9999928190300329
                    },
                    "br": {
                        "x": 1.499992819030033,
                        "y": 0.9999928190300338
                    }
                }
            },
            "mr": {
                "x": 436.8333333333333,
                "y": -5,
                "corner": {
                    "tl": {
                        "x": 430.3333405143033,
                        "y": -11.499992819030034
                    },
                    "tr": {
                        "x": 443.3333261523633,
                        "y": -11.499992819030034
                    },
                    "bl": {
                        "x": 430.3333405143033,
                        "y": 1.499992819030033
                    },
                    "br": {
                        "x": 443.3333261523633,
                        "y": 1.4999928190300338
                    }
                }
            },
            "mb": {
                "x": -5,
                "y": -4.5,
                "corner": {
                    "tl": {
                        "x": -11.499992819030034,
                        "y": -10.999992819030034
                    },
                    "tr": {
                        "x": 1.4999928190300338,
                        "y": -10.999992819030034
                    },
                    "bl": {
                        "x": -11.499992819030034,
                        "y": 1.999992819030033
                    },
                    "br": {
                        "x": 1.499992819030033,
                        "y": 1.9999928190300338
                    }
                }
            },
            "mtr": {
                "x": -5,
                "y": -45.5,
                "corner": {
                    "tl": {
                        "x": -11.499992819030034,
                        "y": -51.999992819030034
                    },
                    "tr": {
                        "x": 1.4999928190300338,
                        "y": -51.999992819030034
                    },
                    "bl": {
                        "x": -11.499992819030034,
                        "y": -39.000007180969966
                    },
                    "br": {
                        "x": 1.499992819030033,
                        "y": -39.000007180969966
                    }
                }
            }
        },
        "objects": [{
            "type": "line",
            "originX": "center",
            "originY": "center",
            "left": 0,
            "top": 0,
            "width": 883.67,
            "height": 0,
            "fill": "rgb(0,0,0)",
            "strokeWidth": 1,
            "strokeDashArray": null,
            "strokeLineCap": "butt",
            "strokeLineJoin": "miter",
            "strokeMiterLimit": 10,
            "scaleX": 1,
            "scaleY": 1,
            "angle": 0,
            "flipX": false,
            "flipY": false,
            "opacity": 1,
            "shadow": null,
            "visible": true,
            "clipTo": null,
            "backgroundColor": "",
            "fillRule": "nonzero",
            "globalCompositeOperation": "source-over",
            "transformMatrix": null,
            "skewX": 0,
            "skewY": 0,
            "oCoords": {
                "tl": {
                    "x": -441.8333333333333,
                    "y": -0.5
                },
                "tr": {
                    "x": 441.8333333333333,
                    "y": -0.5
                },
                "br": {
                    "x": 441.8333333333333,
                    "y": 0.4999999999999999
                },
                "bl": {
                    "x": -441.8333333333333,
                    "y": 0.5
                }
            },
            "x1": -441.8333333333333,
            "x2": 441.8333333333333,
            "y1": 0,
            "y2": 0
        }]
    }, {
        "type": "BubblePath",
        "bubbleOptions": {
            "x": 427.4409869908463,
            "y": 228.1542272895862,
            "w": 205.30080385088792,
            "h": 82.66121672585791,
            "lineWidth": 2,
            "lineColor": "green",
            "backgroundColor": "red"
        },
        "pointerOptions": {
            "x": 390.00000000000006,
            "y": 28.00000000000003,
            "radius": 8,
            "color": "blue"
        }
    }, {
        "type": "circle",
        "originX": "center",
        "originY": "center",
        "left": 390,
        "top": 28,
        "width": 16,
        "height": 16,
        "fill": "blue",
        "stroke": null,
        "strokeWidth": 1,
        "strokeDashArray": null,
        "strokeLineCap": "butt",
        "strokeLineJoin": "miter",
        "strokeMiterLimit": 10,
        "scaleX": 1,
        "scaleY": 1,
        "angle": 0,
        "flipX": false,
        "flipY": false,
        "opacity": 1,
        "shadow": null,
        "visible": true,
        "clipTo": null,
        "backgroundColor": "",
        "fillRule": "nonzero",
        "globalCompositeOperation": "source-over",
        "transformMatrix": null,
        "skewX": 0,
        "skewY": 0,
        "radius": 8,
        "startAngle": 0,
        "endAngle": 6.283185307179586,
        "oCoords": {
            "tl": {
                "x": 381.50000000000006,
                "y": 19.50000000000003,
                "corner": {
                    "tl": {
                        "x": 375.00000718097004,
                        "y": 13.000007180969995
                    },
                    "tr": {
                        "x": 387.99999281903007,
                        "y": 13.000007180969995
                    },
                    "bl": {
                        "x": 375.00000718097004,
                        "y": 25.999992819030062
                    },
                    "br": {
                        "x": 387.99999281903007,
                        "y": 25.999992819030062
                    }
                }
            },
            "tr": {
                "x": 398.50000000000006,
                "y": 19.50000000000003,
                "corner": {
                    "tl": {
                        "x": 392.00000718097004,
                        "y": 13.000007180969995
                    },
                    "tr": {
                        "x": 404.99999281903007,
                        "y": 13.000007180969995
                    },
                    "bl": {
                        "x": 392.00000718097004,
                        "y": 25.999992819030062
                    },
                    "br": {
                        "x": 404.99999281903007,
                        "y": 25.999992819030062
                    }
                }
            },
            "br": {
                "x": 398.50000000000006,
                "y": 36.50000000000003,
                "corner": {
                    "tl": {
                        "x": 392.00000718097004,
                        "y": 30.000007180969995
                    },
                    "tr": {
                        "x": 404.99999281903007,
                        "y": 30.000007180969995
                    },
                    "bl": {
                        "x": 392.00000718097004,
                        "y": 42.99999281903006
                    },
                    "br": {
                        "x": 404.99999281903007,
                        "y": 42.99999281903006
                    }
                }
            },
            "bl": {
                "x": 381.50000000000006,
                "y": 36.50000000000003,
                "corner": {
                    "tl": {
                        "x": 375.00000718097004,
                        "y": 30.000007180969995
                    },
                    "tr": {
                        "x": 387.99999281903007,
                        "y": 30.000007180969995
                    },
                    "bl": {
                        "x": 375.00000718097004,
                        "y": 42.99999281903006
                    },
                    "br": {
                        "x": 387.99999281903007,
                        "y": 42.99999281903006
                    }
                }
            },
            "ml": {
                "x": 381.50000000000006,
                "y": 28.00000000000003,
                "corner": {
                    "tl": {
                        "x": 375.00000718097004,
                        "y": 21.500007180969995
                    },
                    "tr": {
                        "x": 387.99999281903007,
                        "y": 21.500007180969995
                    },
                    "bl": {
                        "x": 375.00000718097004,
                        "y": 34.49999281903006
                    },
                    "br": {
                        "x": 387.99999281903007,
                        "y": 34.49999281903006
                    }
                }
            },
            "mt": {
                "x": 390.00000000000006,
                "y": 19.50000000000003,
                "corner": {
                    "tl": {
                        "x": 383.50000718097004,
                        "y": 13.000007180969995
                    },
                    "tr": {
                        "x": 396.49999281903007,
                        "y": 13.000007180969995
                    },
                    "bl": {
                        "x": 383.50000718097004,
                        "y": 25.999992819030062
                    },
                    "br": {
                        "x": 396.49999281903007,
                        "y": 25.999992819030062
                    }
                }
            },
            "mr": {
                "x": 398.50000000000006,
                "y": 28.00000000000003,
                "corner": {
                    "tl": {
                        "x": 392.00000718097004,
                        "y": 21.500007180969995
                    },
                    "tr": {
                        "x": 404.99999281903007,
                        "y": 21.500007180969995
                    },
                    "bl": {
                        "x": 392.00000718097004,
                        "y": 34.49999281903006
                    },
                    "br": {
                        "x": 404.99999281903007,
                        "y": 34.49999281903006
                    }
                }
            },
            "mb": {
                "x": 390.00000000000006,
                "y": 36.50000000000003,
                "corner": {
                    "tl": {
                        "x": 383.50000718097004,
                        "y": 30.000007180969995
                    },
                    "tr": {
                        "x": 396.49999281903007,
                        "y": 30.000007180969995
                    },
                    "bl": {
                        "x": 383.50000718097004,
                        "y": 42.99999281903006
                    },
                    "br": {
                        "x": 396.49999281903007,
                        "y": 42.99999281903006
                    }
                }
            },
            "mtr": {
                "x": 390.00000000000006,
                "y": -20.49999999999997,
                "corner": {
                    "tl": {
                        "x": 383.50000718097004,
                        "y": -26.999992819030005
                    },
                    "tr": {
                        "x": 396.49999281903007,
                        "y": -26.999992819030005
                    },
                    "bl": {
                        "x": 383.50000718097004,
                        "y": -14.000007180969938
                    },
                    "br": {
                        "x": 396.49999281903007,
                        "y": -14.000007180969938
                    }
                }
            }
        }
    }],
    "background": "#FFFFFF",
    "original_backgroundColor": "#FFFFFF",
    "backup_width": 878.6666666666666,
    "backup_height": 659,
    "original_backgroundImage": null
}